{
  "1": {
    "ndcg_mean": 0.19360332021119683,
    "ndcg_std": 0.0,
    "hr_mean": 0.35418875927889715,
    "hr_std": 0.0
  },
  "6": {
    "ndcg_mean": 0.32421099092516537,
    "ndcg_std": 0.0016319242278288134,
    "hr_mean": 0.594167550371156,
    "hr_std": 0.004295785599263843
  },
  "11": {
    "ndcg_mean": 0.34685451064650524,
    "ndcg_std": 0.005475315190261791,
    "hr_mean": 0.6248144220572642,
    "hr_std": 0.007932811965753982
  },
  "16": {
    "ndcg_mean": 0.3597095569581453,
    "ndcg_std": 0.0033120281587795506,
    "hr_mean": 0.6378579003181335,
    "hr_std": 0.007396559063614769
  },
  "21": {
    "ndcg_mean": 0.363790092192457,
    "ndcg_std": 0.004061949473605536,
    "hr_mean": 0.6381760339342524,
    "hr_std": 0.008664559158352271
  },
  "26": {
    "ndcg_mean": 0.3668122775366762,
    "ndcg_std": 0.003158358700398678,
    "hr_mean": 0.6440084835630964,
    "hr_std": 0.008020921780424475
  },
  "31": {
    "ndcg_mean": 0.3692606265261106,
    "ndcg_std": 0.002867385366722352,
    "hr_mean": 0.6410392364793214,
    "hr_std": 0.005412428485758173
  }
}