{
  "1layers_pretrain": {
    "num_layers": 1,
    "pretraining": true,
    "hr_mean": 0.909119830328738,
    "hr_std": 0.0018999441004420863,
    "hr_min": 0.9045599151643691,
    "hr_max": 0.911983032873807,
    "ndcg_mean": 0.6714978597328622,
    "ndcg_std": 0.0029146297333029537,
    "ndcg_min": 0.6633091815146478,
    "ndcg_max": 0.6743489610507736,
    "parameters": 170273,
    "num_runs": 10,
    "success_rate": 100.0
  },
  "1layers_scratch": {
    "num_layers": 1,
    "pretraining": false,
    "hr_mean": 0.973594909862142,
    "hr_std": 0.004173630679566156,
    "hr_min": 0.968186638388123,
    "hr_max": 0.9798515376458112,
    "ndcg_mean": 0.7402960650911337,
    "ndcg_std": 0.008619218691667653,
    "ndcg_min": 0.7274165523501552,
    "ndcg_max": 0.7525653003194589,
    "parameters": 170273,
    "num_runs": 10,
    "success_rate": 100.0
  },
  "2layers_pretrain": {
    "num_layers": 2,
    "pretraining": true,
    "hr_mean": 0.965747613997879,
    "hr_std": 0.0023257383032302516,
    "hr_min": 0.9597030752916225,
    "hr_max": 0.9692470837751855,
    "ndcg_mean": 0.7250732503314617,
    "ndcg_std": 0.0037097408566749844,
    "ndcg_min": 0.7192996668721846,
    "ndcg_max": 0.7310116414975262,
    "parameters": 262593,
    "num_runs": 10,
    "success_rate": 100.0
  },
  "2layers_scratch": {
    "num_layers": 2,
    "pretraining": false,
    "hr_mean": 0.9920466595970309,
    "hr_std": 0.0016598595803285995,
    "hr_min": 0.9893955461293743,
    "hr_max": 0.9946977730646872,
    "ndcg_mean": 0.794146454816562,
    "ndcg_std": 0.006415872912410066,
    "ndcg_min": 0.781421309720116,
    "ndcg_max": 0.8046470868589388,
    "parameters": 262593,
    "num_runs": 10,
    "success_rate": 100.0
  },
  "3layers_pretrain": {
    "num_layers": 3,
    "pretraining": true,
    "hr_mean": 0.9897136797454932,
    "hr_std": 0.0009544008483563096,
    "hr_min": 0.9883351007423118,
    "hr_max": 0.9915164369034994,
    "ndcg_mean": 0.7627500146566024,
    "ndcg_std": 0.0030378487564688018,
    "ndcg_min": 0.7558438876796687,
    "ndcg_max": 0.7661374698504841,
    "parameters": 463617,
    "num_runs": 10,
    "success_rate": 100.0
  },
  "3layers_scratch": {
    "num_layers": 3,
    "pretraining": false,
    "hr_mean": 0.9957582184517497,
    "hr_std": 0.0023712279718979866,
    "hr_min": 0.9915164369034994,
    "hr_max": 0.9989395546129375,
    "ndcg_mean": 0.8157116564914046,
    "ndcg_std": 0.015086016935295498,
    "ndcg_min": 0.7898943667219875,
    "ndcg_max": 0.8381513582762041,
    "parameters": 463617,
    "num_runs": 10,
    "success_rate": 100.0
  }
}