{
  "1": {
    "hr_mean": 0.10235524920466596,
    "hr_std": 0.0005072532739704722,
    "ndcg_mean": 0.046880245996610274,
    "ndcg_std": 0.00019481841185413747,
    "parameters": 2627,
    "max_iterations": 300
  },
  "6": {
    "hr_mean": 0.10360657476139978,
    "hr_std": 0.000432538241586808,
    "ndcg_mean": 0.04765184163166976,
    "ndcg_std": 0.00023213615663767495,
    "parameters": 15762,
    "max_iterations": 250
  },
  "11": {
    "hr_mean": 0.10469989395546131,
    "hr_std": 0.0003492328585640294,
    "ndcg_mean": 0.0481429455911768,
    "ndcg_std": 0.00015033567093140633,
    "parameters": 28897,
    "max_iterations": 200
  },
  "16": {
    "hr_mean": 0.10478685047720042,
    "hr_std": 0.00039405785304346406,
    "ndcg_mean": 0.04824551216929927,
    "ndcg_std": 0.00023327875383900807,
    "parameters": 42032,
    "max_iterations": 150
  },
  "21": {
    "hr_mean": 0.10460763520678684,
    "hr_std": 0.0005230748319798522,
    "ndcg_mean": 0.048341440588334235,
    "ndcg_std": 0.0002078108495309353,
    "parameters": 55167,
    "max_iterations": 100
  },
  "26": {
    "hr_mean": 0.10452492046659596,
    "hr_std": 0.0004060841269221385,
    "ndcg_mean": 0.048256413509771105,
    "ndcg_std": 0.00022905811639308584,
    "parameters": 68302,
    "max_iterations": 100
  }
}