{
  "1": {
    "hr": 0.12301166489925769,
    "ndcg": 0.12301166489925769
  },
  "2": {
    "hr": 0.2067868504772004,
    "ndcg": 0.1758679220913522
  },
  "3": {
    "hr": 0.26193001060445387,
    "ndcg": 0.20343950215497894
  },
  "4": {
    "hr": 0.31601272534464475,
    "ndcg": 0.2267316595905495
  },
  "5": {
    "hr": 0.3637327677624602,
    "ndcg": 0.24519229196123285
  },
  "6": {
    "hr": 0.41039236479321317,
    "ndcg": 0.26181277577115114
  },
  "7": {
    "hr": 0.44538706256627786,
    "ndcg": 0.27347767502883935
  },
  "8": {
    "hr": 0.4867444326617179,
    "ndcg": 0.2865244726901792
  },
  "9": {
    "hr": 0.5111346765641569,
    "ndcg": 0.29386666770637393
  },
  "10": {
    "hr": 0.5355249204665959,
    "ndcg": 0.3009170293238833
  }
}